,likenum,posttime,readnum,title
0,35,2017-10-14 20:43:00,44594,中国孩子早上都在吃什么？20个家庭的50道早餐！
1,55,2017-10-13 20:47:00,23091,一对夫妻，丈夫有了小三，现在应该怎么办？
2,46,2017-10-12 22:17:00,38392,好买又好穿，这些欧美平价大牌给孩子们做的外套，原来如此朴素！
3,40,2017-10-11 22:01:00,25662,推荐一套少见的小学科学课外读物，来自国家地理的又一次惊喜！
4,47,2017-10-10 20:39:00,23072,一个让全世界爸妈都纠结的问题：小孩忘带作业，送还是不送？
5,6,2017-10-09 10:47:00,8224,开团 | 苏斯、希尔弗斯坦等“大神”同步登场，这一期花生团，不容错过！(科普、诗歌、初章、备考、台灯 … )
6,34,2017-10-08 20:50:00,15592,为什么大人小孩都有“拖延症”？这个解释好生动、很到位！
7,41,2017-10-07 20:44:00,18368,能把给孩子的诗写得如此睿智，古今中外或许只有他一人 ...
8,280,2017-10-06 20:44:00,42588,做梦都没想到我全职了！
9,125,2017-10-05 20:59:00,38588,为什么在家里贴这样的海报，也许就能影响孩子一生？
10,130,2017-10-04 21:13:00,40057,怎么教孩子接人待物？这位毕业于哥伦比亚大学的“中国现代儿童教育之父”提出10条原则 ...
11,53,2017-10-03 21:10:00,16985,你知道么，书是要“晒”的，是晒太阳的“晒”！
12,182,2017-10-02 21:00:00,29650,人近中年，我对自己有三个要求 ...
13,52,2017-10-01 21:14:00,28496,30份易上手的创意早餐：让孩子有期盼，让妈妈有坚持 ...
14,32,2017-09-30 20:28:00,12380,送给花友们的双节礼物：假期旅行思维导图模板
15,86,2017-09-29 20:20:00,21676,从幼儿园到初中，带孩子“留学”五国后，来说说我眼里的“中外教育”...
16,309,2017-09-28 20:44:00,100001,你的孩子是“薛定谔的狗”，你的焦虑多半是自找的 …  ...
17,21,2017-09-27 21:42:00,21712,当年我们辛辛苦苦背的专业词汇，原来小学生就可以“轻松”学会！
18,73,2017-09-26 20:17:00,24918,一个“笨”妈妈的“笨”总结：英语启蒙，我走过的四道弯路 ...
19,11,2017-09-25 10:08:00,10410,开团 | 牛津词典系列：Oxford Primary Dictionary&Thesaurus-英国最畅销的小学生英文词典
20,43,2017-09-24 20:49:00,18653,为麻省理工面试招生多年，和你分享三个关于“激情胜过才智”的真实故事 …
21,57,2017-09-23 20:12:00,31721,日本东京亲子游，我保证这是你见过的最强攻略！（真的值得收藏）
22,17,2017-09-22 20:23:00,13662,有趣、准确、三观正：市面上有哪些可供孩子读的中国历史书？
23,14,2017-09-21 20:31:00,32203,20多个家庭的真实教育开支：幼儿园小朋友，一年要花多少钱？
24,109,2017-09-20 21:31:00,31545,耶鲁读博妈妈：我是典型的亚裔乖乖女，好欣慰女儿成了和我不一样的人 ...
25,87,2017-09-19 20:07:00,16258,记录、总结+资源：英语的拼读启蒙，我们这么做！
26,18,2017-09-18 10:16:00,14749,独家 | 给孩子读英文诗歌，就从这里开始！
27,12,2017-09-17 20:56:00,11578,跟着这两本书观看了60幅世界名画，我发现和孩子欣赏艺术可以从这四个角度出发 …
28,59,2017-09-16 20:19:00,32582,一个适合小孩成长的家应该是什么样？
29,39,2017-09-15 20:45:00,23409,给大家安利一条8日云南亲子游路线，人少景又好，国庆长假正好用得到！
30,28,2017-09-14 20:59:00,46425,看了这20多个孩子的课后安排，我终于明白中国小孩到底有多忙！
31,43,2017-09-13 21:28:00,41908,我基本是见了它家的书就收，而且没有一本失望过 ...
32,55,2017-09-12 20:14:00,25943,怎么让孩子学会主动去用思维导图？这是一个很不错的“打开方式” ...
33,25,2017-09-11 10:05:00,21595,开团 | 这12种书为中国孩子铺设了全新的英语学习之路，我们为每一种都建立了“学习小组”！
34,61,2017-09-10 20:17:00,21877,“喜欢老师”，太重要了！北京史家小学终身名誉校长这么说 ...
35,98,2017-09-09 20:11:00,49608,男孩成长需要什么？这份德国男孩养育手册，超级详细，非常有用！
36,87,2017-09-08 20:12:00,14600,花了5000元我为知识付费，发现付出的其实是“智商税”！
37,46,2017-09-07 20:17:00,27822,五年级，孩子完成作业所花的时间让我内心滴血，忍受还是反抗？
38,20,2017-09-06 21:16:00,23590,100块钱上下，这也许是你能送出的最美礼物！
39,111,2017-09-05 19:57:00,32056,一位妈妈的“肺腑之言”：千万别忽视培养女孩美好的体态 ...
40,20,2017-09-04 10:21:00,22977,开团 | 用这套英国孩子在用的原版阅读教材体系，一步步完成孩子的“英语启蒙大业”！（内有开学福利）
41,260,2017-09-03 20:15:00,30676,一位职高老师的“大白话”：论不幸福家庭对孩子的摧毁性 ...
42,72,2017-09-02 19:59:00,19962,花半秒钟就看透事物本质的人，和花一辈子都看不清的人，注定是截然不同的命运 ...
43,72,2017-09-01 20:16:00,21161,帮小朋友开始理解抽象的数学概念，这是我们近来看到最好的方法 …
44,54,2017-08-31 20:13:00,35019,斯坦福新生教导主任：如何在不过度管教的情况下培养成功小孩？
45,36,2017-08-30 21:19:00,22218,哪些书最适合带孩子做英语启蒙？这是上万个花友家庭的选择！
46,91,2017-08-29 20:04:00,44951,一年级最重要的任务是什么？“喜欢去上学！”
47,20,2017-08-28 10:10:00,16383,首发 | 幼儿园三年英语怎么学？这套牛津幼儿园教材提供了简单又系统的解决方案！
48,111,2017-08-27 20:00:00,21040,无论你是哪一款妈妈，都无须和孩子说“对不起” ...
49,70,2017-08-26 20:07:00,37060,剁过手、踩过坑，那些我们一路用下来特别靠谱的学习用品 ...
50,48,2017-08-25 20:07:00,25674,英语课上我给学生推荐了这12部电影，特别适合与原版书一起看！
51,60,2017-08-24 19:53:00,23196,9岁听懂英文版《哈利·波特》：我发现孩子兴趣到位了，大人真的可以很省心！
52,43,2017-08-23 22:34:00,35766,给大家安利一套“碎片时间利用神器”，从幼儿园到小学毕业，都用得上！
53,121,2017-08-22 20:25:00,58640,北京四中国际部校长：我给学生规定，一年要读5000页中文书，5000页英文书！
54,13,2017-08-21 10:10:00,17055,开团 | 2017年ThinkFun最新编程玩具：带孩子在游戏中体会编程理念、建立编程思维！
55,21,2017-08-20 20:18:00,22061,“混迹”母婴群一年，我发现我们这些当妈的永远在谈这几件事！
56,86,2017-08-19 20:17:00,25000,太养眼！忙娃忙工作，他们还能把身材练得这么棒！
57,51,2017-08-18 19:59:00,35514,BBC请来了成龙和严歌苓，推出了这部今年暑假最值得带孩子去看的电影…
58,44,2017-08-17 20:36:00,26514,一份规划表、一个定时器，我花两个月治好了儿子拖拉磨蹭的“毛病”
59,38,2017-08-16 21:47:00,24386,给大家找到一套书，教孩子作文，再也不会没思路了！
60,775,2017-08-15 20:16:00,100001,我与一儿一女，亲历九寨沟17小时
61,21,2017-08-14 10:26:00,17681,首发 | 牛津自然拼读三部曲：带孩子学英文拼读规则，这是一个很实际的解决方案！
62,83,2017-08-13 20:28:00,18620,杭州二中校长：和你分享四个学生的“成功”故事！
63,93,2017-08-12 21:00:00,30520,计划两年内让儿子爱上阅读，我做到了！
64,60,2017-08-11 20:20:00,20198,15天我们游遍英国：真希望把生命中最美好的事物介绍给我的孩子 ...
65,105,2017-08-10 20:51:00,20187,30多年的人情世故，让我对20年后的女儿有如此期盼 ...
66,73,2017-08-09 21:03:00,28560,为了迈过“三年级这道坎儿”，暑假里我带儿子培养这两项能力！
67,52,2017-08-08 20:04:00,25145,英文分级阅读怎么做？来看看这份超强大的执行攻略！
68,20,2017-08-07 10:18:00,16363,开团 | 美国孩子常用的练习册 Skill Sharpeners 全系列都来了，开学前后正好用（阅读、写作、数学、科学、思维）！
69,78,2017-08-06 21:08:00,33423,一位大学英语老师的“大白话“：不同城市的孩子，表现还真不一样！
70,27,2017-08-05 20:22:00,11705,夏天带孩子玩潜水，这个地方是一个很美很实际的选择：马来西亚仙本那8日亲子游攻略 ...
71,45,2017-08-04 20:05:00,22879,Summer Slide: 原来全世界小孩暑假里都在学习 !
72,124,2017-08-03 20:02:00,53064,北京史家小学终身名誉校长：孩子上一年级，家长一定要做好这些准备！
73,28,2017-08-02 21:10:00,22044,小学生读世界名著，就从这套书开始吧！
74,102,2017-08-01 20:19:00,37407,思维导图使用一周年实践报告：我是怎么带儿子读懂一本书的？
75,23,2017-07-31 10:09:00,18767,开团 |《国家地理少儿分级阅读》全系列来了，好希望我们也曾读着这样的书长大 ...
76,87,2017-07-30 19:59:00,14797,一位全职爸爸的“大白话”：男主内女主外，在我们家，没问题！
77,27,2017-07-29 20:00:00,10942,跟着古诗词“下江南”，今年暑假我带儿子来了一次“诗与远方”之旅…
78,52,2017-07-28 19:59:00,23577,从科学到艺术，暑假给孩子看这15部大牌制作纪录片，等于开开心心上了15堂通识教育课！
79,54,2017-07-27 20:13:00,28823,带儿子这五年读了好多科普书，和你分享我心目中的“最佳科普启蒙阅读书单”
80,97,2017-07-26 20:09:00,31629,在国际学校任教12年，来说说我接触到的引导孩子阅读的方法...
81,94,2017-07-25 20:03:00,38900,三个暑假三次旅行，这位父亲用这种特别的方式教给儿子一生最重要的道理
82,20,2017-07-24 10:17:00,17725,首发 | 这是孩子英文阅读路上的里程碑，这是这部必读名著的最好版本之一（精装、字大、性价比高）
83,68,2017-07-23 20:46:00,24952,在父母都是大学教师的家庭里长大是种什么样的体验？
84,36,2017-07-22 20:00:00,20048,从青海湖、嘉峪关到敦煌，好高兴和娃一起走过这条亚洲最美的旅行线（附大西北10日游详细行程）
85,92,2017-07-21 19:58:00,36302,断舍离，我为孩子“扔”出了一个图书馆！
86,57,2017-07-20 21:11:00,18360,纯干货分享：带孩子参加世界上最酷的夏令营，原来没想象中那么难…
87,126,2017-07-19 20:31:00,25066,只想诚恳地去活着：我为什么能承受长达15年的亏损？
88,112,2017-07-18 20:14:00,42898,儿子一直是“早学多学”的数学优等生，为什么上大学后却再也不想碰数学？
89,15,2017-07-17 10:14:00,10708,首发 | 享誉全球近三十年的儿童科普认知经典 My First Discoveries 系列：童年该发现什么，怎么去发现？
90,58,2017-07-16 21:00:00,22606,关于培育女儿社交能力的故事：不好意思，有点长，但我把想说的都说了 ...
91,114,2017-07-15 20:47:00,53919,学而思这类的奥数班对培养数学思维有用么？
92,78,2017-07-14 20:56:00,33506,评分超9.0，是优秀的人文地理纪录片，也是难得的旅行攻略！
93,99,2017-07-13 19:45:00,43448,这位爸爸陪女儿练“小提琴+钢琴”三年，给大家写了一篇超详细的学琴心得（值得收藏！）
94,67,2017-07-12 21:46:00,24575,给大家推荐一套很特别的书：英语习惯用语，这么学好有趣！
95,46,2017-07-11 20:14:00,23979,教了15年物理，来说说为什么有的孩子学习很认真可是成绩总不好？
96,45,2017-07-10 10:14:00,18370,首发 | 美国销量第一的儿童杂志 Highlights 中国首次同步征订，订两年送点读笔！
97,57,2017-07-09 20:10:00,11188,怎样算是好的小区景观？以及我们每个人能做什么？
98,20,2017-07-08 20:41:00,12935,2017年暑假书单：30本国内外孩子最常读的好书（11-14岁左右）
99,65,2017-07-07 20:45:00,26762,2017年暑假书单：30本国内外孩子最常读的好书（7-10岁左右）
100,44,2017-07-06 20:39:00,23052,2017年暑假书单第1期：30本大人小孩都称赞不已的新书、好书（3-6岁左右）
101,61,2017-07-05 21:10:00,23250,中美同年级数学课本实际对比：从理念到方法，差异还蛮大！
102,74,2017-07-04 20:16:00,31828,一位程序员爸爸的“大白话”：几岁开始学编程比较好，怎么上手？
103,29,2017-07-03 10:10:00,20310,开团 | 培养孩子“批判性思维”（Critical Thinking），就从这套书开始 ...
104,63,2017-07-02 20:19:00,27186,超级有料的新加坡8日亲子游攻略：怎么玩，怎么学，都在这里啦！
105,82,2017-07-01 20:21:00,22361,在欧洲看了七八年画展后，我是这样引导女儿学画画的 ...
106,35,2017-06-30 20:08:00,14875,为什么留学考试中，阅读和听力的重头戏都是天文、地质、考古这些“冷”知识？
107,117,2017-06-29 20:45:00,88194,一位英语老师的“大白话”：三年级开始学英语，真的有点晚！
108,21,2017-06-28 20:32:00,23486,没想到国外孩子在旅行前还要做这么多功课！
109,41,2017-06-27 20:20:00,24627,暑假让孩子写阅读心得，照这个模式，一点都不难！
110,9,2017-06-26 10:32:00,15362,开团 | 两套必读分级读物、两套烧脑玩具，开启这个美好暑假！
111,22,2017-06-25 20:14:00,23979,为什么我都急得要原地爆炸了，他却还在那里不紧不忙？
112,54,2017-06-24 20:21:00,34147,暑假动画片榜单来了，轻松娱乐中这个夏天咱们顺便学点英语（3-12岁，基本都是英美新片，可观看）
113,32,2017-06-23 20:14:00,27638,决心帮孩子完成这个暑假的阅读任务，我打算这么做 ...
114,128,2017-06-22 20:01:00,77910,教了十年游泳，这位专业教练说：小孩学游泳，急不得！
115,60,2017-06-21 19:57:00,13990,我只是喜欢下厨房，没想到和孩子在烘培中学到了这么多（今天的深夜食堂，我包了！）
116,112,2017-06-20 20:54:00,72439,这5种简单好用的方法，可以帮小孩有效规划暑假时间
117,24,2017-06-19 10:44:00,12060,开团 | 世界销量第一的剑桥 “语法圣经” ，初中高级全系列，每个学英语的孩子都值得拥有！（最新版，配套eBook）
118,68,2017-06-18 19:40:00,28768,中国人说英语最大的障碍是什么？
119,755,2017-06-17 20:08:00,100001,清华建筑学教授：我为走向年迈的爸妈装修了一个家 ...
120,17,2017-06-16 20:05:00,12349,怎么让还不太会说话的小娃开始接触critical thinking？我在绘本阅读中找到了方法 ...
121,55,2017-06-15 20:18:00,26091,学英语四年多，来说说我在选教材和培训班上走过的那些“弯路” …
122,26,2017-06-14 21:10:00,10987,这是书中的玩具，这是玩具中的书，来说说最近你们很感冒的“跨界书”！
123,68,2017-06-13 20:15:00,31794,在图书馆工作9年，我来说说怎么带孩子“逛”图书馆会有更大的收获？
124,32,2017-06-12 10:04:00,21125,首发 | 这是和“牛津树”一样的英国主流阅读进阶教材，它把英文阅读结合到了每个词、句型、知识点的学习（有音频）
125,91,2017-06-11 19:53:00,50327,为什么有的小孩特别会聊天？关于培养孩子社交能力的一些思考
126,143,2017-06-10 20:40:00,58217,从事了15年的钢琴教学，来说句心里话：现在孩子学琴的进度实在太快了！
127,86,2017-06-09 20:44:00,38272,为了改掉8岁儿子读书“不求甚解”的习惯，我带他这样用思维导图做精读训练…
128,53,2017-06-08 20:38:00,27663,"养一个""牙口好""的小孩，我从牙医那里学到了这些…"
129,31,2017-06-07 21:37:00,16512,和母语小孩英文“同步”，这样一点点小步走，其实也不算难！
130,86,2017-06-06 20:00:00,15110,从28分到64分：一位小学老师眼里的“男孩成长史” ...
131,17,2017-06-05 10:05:00,11904,首发 | 剑桥少儿英语官方学练书，检测水平，提高能力，为孩子找到英语学习里程碑！
132,33,2017-06-04 20:51:00,20012,8天自驾2000公里，我们的暑假“新疆亲子游”全攻略！
133,57,2017-06-03 20:02:00,29126,我的全职妈妈说明书：不逼自己一把，都不知道我有多大潜力！
134,30,2017-06-02 20:26:00,29496,理直气壮做孩子：推荐7部最受欧美小孩欢迎的校园故事电影！
135,15,2017-06-01 20:02:00,18052,这是每个父母都会面对的“终极问题”，没有比它更重要！
136,32,2017-05-31 10:01:00,21053,首发 | 国家地理专门为孩子编写的世界神话基础读本：了解西方文化、东方智慧，从这里开始！
137,72,2017-05-30 20:07:00,18886,每一个被裹挟着加入“升学战争”的家长，我邀请你一起来回答这四个问题
138,103,2017-05-29 20:05:00,18965,活在别人眼里，将永远找不到自己：记录我的全职妈妈之路…
139,68,2017-05-28 20:46:00,44808,英语流利能给一个中国人带来多少额外收益？
140,60,2017-05-27 20:05:00,12305,太有意思啦！43天，我们把蝌蚪养成了青蛙！
141,92,2017-05-26 21:03:00,26893,7部口碑上佳、浅显易懂的西方文明启蒙纪录片，学英语，更学文化！
142,110,2017-05-25 19:50:00,24397,我们的教育在“性价比”上有些吃亏：一位全国特级教师“考察”美国教育后的思考
143,27,2017-05-24 20:15:00,19862,如果我们小时候读过这样的书，对世界的认识会大不一样！
144,97,2017-05-23 19:54:00,46470,全班34个孩子没有一个握笔和坐姿是正确的，问题出在哪里？
145,12,2017-05-22 10:29:00,19587,开团 | 这是带孩子系统学自然拼读最好用的一套教材！（牛津正版，配互动学习软件）
146,20,2017-05-21 20:19:00,18134,富养还是穷养，有时还真不容易决定（一位爸爸的“实话实说”）
147,25,2017-05-20 20:34:00,29293,被这部“迪士尼大片”惊艳到了！原来快乐是如此重要的家教 ...
148,72,2017-05-19 21:16:00,42646,我为什么同意让孩子每周花八小时坚持一项运动？
149,97,2017-05-18 20:14:00,33514,她培养出了赫赫有名的“硅谷三女杰”，是成功的妈妈，更是成功的老师 ...
150,31,2017-05-17 21:26:00,19822,小孩花那么多时间学英语，我们到底想让他达到啥目标？
151,221,2017-05-16 19:41:00,55279,写在8年读了5000册书后：有一种方法，能解决孩子所有的学习问题 ...
152,20,2017-05-15 10:05:00,9781,首发 | 明基获奖音箱的2017旗舰款来了，适合孩子听音乐、听英语、听故事，音质出色还便携！
153,43,2017-05-14 20:36:00,27834,全职妈妈，已经出走的娜拉为什么又甘愿回家？
154,87,2017-05-13 20:31:00,22573,妈妈，我希望你有第二人生，而不是走向晚年
155,16,2017-05-12 20:13:00,13039,让孩子动手学科学，用这些Science Kits最省心！
156,118,2017-05-11 20:30:00,39108,世界上有一群小孩很聪明，因为他们掌握了这些“思维套路” ...
157,32,2017-05-10 20:45:00,26620,这么漂亮的语法书，你肯定没见过！
158,15,2017-05-08 10:15:00,12819,"首发 | BOB Books, 给孩子最好的英语阅读启蒙教程（音频完备）"
159,68,2017-05-07 20:45:00,30724,父母老了，要不要送养老院？
160,20,2017-05-06 21:09:00,31264,世界上的孩子都在用什么样的学习桌？
161,102,2017-05-05 19:27:00,49333,一位基层教育局长的“大白话”：应试教育最管用、最有效，别不好意思说！
162,53,2017-05-04 20:07:00,18640,赖声川：人生不可能有一张蓝图，创造我们未来的是什么？
163,66,2017-05-03 21:48:00,32639,从认ABC到自己能读英文书，英文最初的启蒙到底该怎么做？
164,74,2017-05-02 19:32:00,34032,从南京外国语学校这样的牛校毕业，英语上的优势给我们带来了什么？
165,12,2017-05-01 10:03:00,9361,开团 | 英文章节书鼻祖《神奇树屋》“进阶部分”（29-52册），为孩子走向英文流利阅读打下基础（有音频）
166,90,2017-04-30 19:53:00,68776,深度 | 我们“羡慕”的美国教育，到底是美国哪个阶层的教育？
167,48,2017-04-29 19:14:00,15380,9部高分艺术启蒙纪录片，从此看展不再“走马观花”
168,40,2017-04-28 19:55:00,19465,剁手多年，这是我和孩子玩得最好的17款桌游！
169,224,2017-04-27 19:54:00,36701,一位特级老师的自白：不当虎妈，不当鼠妈，我这样陪孩子成长 ...
170,21,2017-04-26 21:16:00,17659,大多数小孩读英文总觉得生词多内容难，怎么解决？
171,49,2017-04-25 20:21:00,18948,台大教授周志文：原来她在我身上施加的偏执行为，其实是她不幸身世的投射 ...
172,17,2017-04-24 10:16:00,12833,开团 | 人类群星闪耀时：Who Was 系列人物传记，让孩子站在巨人的肩膀上眺望人生（经典包+进阶包）
173,256,2017-04-23 19:46:00,57569,一位著名剧作家眼里“女儿的作业”：就语文而言，我相信这些苦难的孩子们并没有学到什么 ...
174,99,2017-04-22 20:50:00,44157,房价比天高，怎么在家安置一款不占地的书架？
175,58,2017-04-21 20:33:00,24170,以“人民的名义”推荐：两千多位家长共同投票，产生了这份“0-14岁中国孩子中英文必读书单”
176,19,2017-04-20 21:43:00,19562,“史上年龄最小”面试经：带着不到两岁的儿子，我们开始了魔都的升学体验…
177,49,2017-04-19 21:16:00,22231,英语儿童文学标杆：这些易读的纽伯瑞奖原版小说，值得让孩子去试试！
178,80,2017-04-18 20:28:00,24764,人生就是不断做选择：国外孩子怎么从小开始学习 Decision Making？
179,44,2017-04-17 10:04:00,20892,独家首发 | 培养孩子“批判性思维”，就从这套书开始 ...
180,39,2017-04-16 20:40:00,20417,孩子的“小别离”，却成了一场中国家长们的“成人礼” ...
181,124,2017-04-15 20:55:00,50024,看了这些学校的空间设计，你就知道世界上最先进的教育是啥样啦
182,59,2017-04-14 20:27:00,29984,儿子出国当了一年插班生，我发现美国小学和中国小学之间有这些不同 ...
183,56,2017-04-13 21:41:00,29113,为什么国外小孩不觉得作文那么难？因为他们有写作“公式”可以套用 ...
184,163,2017-04-12 20:09:00,39927,一位“差生”妈妈的自述：小学6年，我的“坎坷陪学路” ...
185,74,2017-04-11 20:18:00,22019,很重要但一直不知道怎么教的Critical Thinking，怎么让孩子在家就能一点点练起来？
186,29,2017-04-10 10:12:00,15279,开团 | 世界销量第一的剑桥 “语法圣经” 系列之初级版，值得每个初学英语的孩子拥有！
187,35,2017-04-09 21:59:00,23944,别跟我说你没时间，你只是觉得这事儿不重要罢了！
188,25,2017-04-08 20:06:00,40394,如果这个春天只给孩子买一件外套，我会选择这一种 ...
189,87,2017-04-07 20:45:00,16234,我们的爱好，就是孩子最自然的启蒙：一个小男孩的古典音乐之旅
190,86,2017-04-06 22:04:00,31965,不同年龄的孩子，有哪些一流的人物传记可以读？
191,66,2017-04-05 20:55:00,29983,原来阅读也分“真假”！国际学校老师是怎样教小孩边读边思考的？
192,539,2017-04-04 20:06:00,100001,临终是个怎样的过程？（有生之年，幸好读到）
193,21,2017-04-03 10:00:00,13496,开团 | 这套书全世界孩子用了50多年，通过阅读系统学习1000个英语常用词
194,113,2017-04-02 19:50:00,17851,从“学渣”到“学霸”：我在国外学英语的故事
195,119,2017-04-01 19:31:00,20487,月嫂风波记：遇到人生的“离岸流”，只有自己才能救自己…
196,128,2017-03-31 19:40:00,54008,没想到迪卡侬还有这么多“自然观察小神器”，出门踏青正好用得着！
197,200,2017-03-30 20:22:00,65378,春天赏花图示：随时告诉小朋友这叫什么花​ ...
198,180,2017-03-29 20:43:00,100001,没有母语环境，怎么培养孩子的英语思维？
199,72,2017-03-28 20:37:00,35298,美国心理学会主席：遇到问题如何解释，才是孩子乐观养成的基础
